{"metadata":{"asset_id":"f761bbfd-c38a-4b3d-8f21-b3bc5180e4ac","asset_attributes":["data_asset"],"name":"airline15krows.csv","asset_type":"data_asset","created_at":"2019-10-19T18:54:12Z","description":"","origin_country":"us","owner_id":"1000331002","project_id":"9ce54ef7-1362-400d-ba62-cd64dab385d2","sandbox_id":"9ce54ef7-1362-400d-ba62-cd64dab385d2","size":1526191,"tags":[],"usage":{"last_update_time":1571511253648,"last_updated_at":"2019-10-19T18:54:13Z"}},"entity":{"data_asset":{"mime_type":"text/csv","dataset":false}},"attachments":[{"id":"f30ce25b-4931-43f3-8765-1b01a3e7e680","version":2,"asset_type":"data_asset","name":"airline15krows.csv","mime":"text/csv","object_key":"data_asset/airline15krows.csv","create_time":1571511253647,"size":1526191,"is_remote":false,"is_managed":false,"is_referenced":true,"is_object_key_read_only":true,"is_user_provided_path_key":true,"transfer_complete":true,"is_partitioned":false,"complete_time_ticks":1571511253647,"user_data":{},"test_doc":0,"handle":{"key":"data_asset/airline15krows.csv","upload_id":"done","max_part_num":1},"usage":{"access_count":0,"last_accessor_id":"1000331002","last_access_time":1571511253647}}]}