{"metadata":{"asset_id":"81f68737-2540-4a62-bd25-3ef523119805","asset_attributes":["data_flow"],"name":"airline15krows.csv_flow","asset_type":"data_flow","created_at":"2019-10-19T18:55:55Z","description":"","origin_country":"us","owner_id":"1000331002","project_id":"9ce54ef7-1362-400d-ba62-cd64dab385d2","sandbox_id":"9ce54ef7-1362-400d-ba62-cd64dab385d2","size":0,"tags":[],"usage":{"last_update_time":1571511356289,"last_updated_at":"2019-10-19T18:55:56Z"}},"entity":{"data_flow":{"_entity_only":false}},"attachments":[{"id":"1e88105c-983f-4786-aea7-af1cebe23257","version":2,"asset_type":"data_flow","name":"data_flow","description":"","mime":"application/json","object_key":"data_flow/airline15krows.csv_flow","create_time":1571511356287,"size":0,"is_remote":false,"is_managed":false,"is_referenced":true,"is_object_key_read_only":false,"is_user_provided_path_key":true,"transfer_complete":true,"is_partitioned":true,"complete_time_ticks":1571511356287,"user_data":{},"test_doc":0,"handle":{"key":"data_flow/airline15krows.csv_flow","upload_id":"done","max_part_num":1},"usage":{"access_count":0,"last_accessor_id":"1000331002","last_access_time":1571511356287}}]}